name,date,ML,Low_90,High_90,Low_50,High_50
Aichi,2020-03-19,0.16,0.0,6.15,0.0,2.77
Aichi,2020-03-20,0.19,0.0,4.7700000000000005,0.0,2.16
Aichi,2020-03-21,0.21,0.0,4.11,0.04,1.9100000000000001
Aichi,2020-03-22,0.23,0.0,3.7,0.03,1.73
Aichi,2020-03-23,1.0,0.0,3.42,0.05,1.6300000000000001
Aichi,2020-03-24,1.3800000000000001,0.0,3.45,0.29,1.94
Aichi,2020-03-25,1.61,0.0,3.42,0.73,2.34
Aichi,2020-03-27,1.74,0.01,3.34,0.8200000000000001,2.36
Aichi,2020-03-28,1.61,0.05,3.11,0.86,2.27
Aichi,2020-03-29,1.52,0.03,2.9,0.77,2.09
Aichi,2020-03-30,1.45,0.02,2.74,0.71,1.96
Aichi,2020-03-31,1.3900000000000001,0.01,2.61,0.6900000000000001,1.8800000000000001
Aichi,2020-04-01,1.47,0.07,2.65,0.77,1.93
Aichi,2020-04-02,1.53,0.13,2.67,0.9500000000000001,2.06
Aichi,2020-04-03,1.6500000000000001,0.27,2.79,1.04,2.11
Aichi,2020-04-04,1.74,0.41000000000000003,2.84,1.2,2.21
Aichi,2020-04-05,1.78,0.5700000000000001,2.87,1.27,2.22
Aichi,2020-04-06,1.8,0.65,2.82,1.26,2.16
Aichi,2020-04-07,1.75,0.65,2.7,1.3,2.14
Aichi,2020-04-08,1.71,0.68,2.62,1.23,2.0300000000000002
Aichi,2020-04-09,1.58,0.5700000000000001,2.43,1.17,1.93
Aichi,2020-04-10,1.3900000000000001,0.43,2.22,0.9500000000000001,1.69
Aichi,2020-04-11,1.23,0.29,2.0300000000000002,0.78,1.51
Aichi,2020-04-12,1.1,0.15,1.84,0.65,1.37
Aichi,2020-04-13,1.05,0.14,1.8,0.64,1.35
Aichi,2020-04-14,1.09,0.15,1.83,0.68,1.3900000000000001
Aichi,2020-04-15,1.16,0.22,1.92,0.74,1.45
Aichi,2020-04-16,1.27,0.34,2.04,0.86,1.56
Aichi,2020-04-17,1.28,0.39,2.06,0.87,1.56
Aichi,2020-04-19,1.26,0.39,2.0300000000000002,0.84,1.52
Aichi,2020-04-20,1.24,0.37,1.99,0.8300000000000001,1.5
Aichi,2020-04-21,1.23,0.35000000000000003,1.95,0.8200000000000001,1.48
Chiba,2020-04-08,1.52,0.0,3.19,0.63,2.13
Chiba,2020-04-09,1.62,0.13,2.82,0.96,2.13
Chiba,2020-04-10,1.48,0.27,2.54,0.91,1.8800000000000001
Chiba,2020-04-11,1.35,0.28,2.2800000000000002,0.8300000000000001,1.68
Chiba,2020-04-12,1.22,0.26,2.07,0.75,1.52
Chiba,2020-04-13,1.06,0.14,1.8,0.63,1.34
Chiba,2020-04-14,1.09,0.21,1.81,0.71,1.3800000000000001
Chiba,2020-04-15,1.17,0.33,1.8800000000000001,0.8,1.44
Chiba,2020-04-16,1.23,0.44,1.92,0.87,1.48
Chiba,2020-04-17,1.28,0.53,1.94,0.93,1.51
Chiba,2020-04-19,1.27,0.55,1.9000000000000001,0.91,1.47
Chiba,2020-04-20,1.17,0.46,1.77,0.8300000000000001,1.37
Chiba,2020-04-21,1.11,0.45,1.72,0.84,1.36
Ehime,2020-03-29,0.15,0.0,8.73,0.0,4.03
Ehime,2020-03-30,0.18,0.0,7.1000000000000005,0.0,3.2
Ehime,2020-03-31,0.2,0.0,6.15,0.03,2.79
Ehime,2020-04-01,0.21,0.0,5.54,0.02,2.5100000000000002
Ehime,2020-04-02,0.23,0.0,5.1000000000000005,0.07,2.36
Ehime,2020-04-03,0.24,0.0,4.7700000000000005,0.04,2.19
Ehime,2020-04-04,0.25,0.0,4.51,0.03,2.07
Ehime,2020-04-05,1.83,0.0,4.76,0.56,2.83
Ehime,2020-04-06,2.2800000000000002,0.01,4.75,0.99,3.24
Ehime,2020-04-07,2.0,0.0,4.24,0.84,2.85
Ehime,2020-04-08,1.82,0.01,3.89,0.77,2.61
Ehime,2020-04-09,1.7,0.0,3.62,0.79,2.5
Ehime,2020-04-10,1.3,0.0,3.2,0.37,1.8900000000000001
Ehime,2020-04-11,1.27,0.0,3.1,0.28,1.76
Ehime,2020-04-12,1.25,0.0,3.02,0.41000000000000003,1.84
Ehime,2020-04-13,1.23,0.0,2.94,0.31,1.71
Ehime,2020-04-14,1.21,0.0,2.87,0.43,1.79
Ehime,2020-04-15,1.19,0.0,2.81,0.44,1.77
Ehime,2020-04-16,1.17,0.0,2.75,0.33,1.6400000000000001
Ehime,2020-04-17,0.92,0.0,2.56,0.21,1.41
Ehime,2020-04-19,0.92,0.0,2.54,0.11,1.31
Ehime,2020-04-20,1.1500000000000001,0.0,2.66,0.3,1.57
Ehime,2020-04-21,1.1400000000000001,0.0,2.62,0.43,1.67
Fukui,2020-03-24,0.15,0.0,8.73,0.0,4.03
Fukui,2020-03-25,3.84,0.0,8.31,1.45,5.5
Fukui,2020-03-27,2.56,0.0,6.3100000000000005,0.8200000000000001,3.86
Fukui,2020-03-28,3.0100000000000002,0.02,5.94,1.3800000000000001,4.18
Fukui,2020-03-29,2.4,0.0,4.96,1.05,3.4
Fukui,2020-03-30,2.08,0.0,4.38,0.84,2.92
Fukui,2020-03-31,2.27,0.02,4.29,1.17,3.14
Fukui,2020-04-01,2.34,0.08,4.15,1.35,3.17
Fukui,2020-04-02,2.32,0.2,4.0200000000000005,1.3800000000000001,3.0500000000000003
Fukui,2020-04-03,2.27,0.36,3.91,1.3900000000000001,2.92
Fukui,2020-04-04,1.8800000000000001,0.13,3.29,1.09,2.48
Fukui,2020-04-05,1.76,0.11,3.08,0.98,2.29
Fukui,2020-04-06,1.53,0.08,2.8000000000000003,0.79,2.02
Fukui,2020-04-07,1.48,0.04,2.67,0.81,1.99
Fukui,2020-04-08,1.56,0.11,2.73,0.93,2.08
Fukui,2020-04-09,1.5,0.15,2.67,0.87,1.98
Fukui,2020-04-10,1.46,0.13,2.57,0.88,1.95
Fukui,2020-04-11,1.33,0.07,2.38,0.78,1.81
Fukui,2020-04-12,1.31,0.05,2.32,0.74,1.75
Fukui,2020-04-13,1.2,0.05,2.21,0.66,1.6400000000000001
Fukui,2020-04-14,1.19,0.02,2.16,0.63,1.6
Fukui,2020-04-15,1.18,0.05,2.16,0.61,1.57
Fukui,2020-04-16,1.17,0.04,2.13,0.61,1.56
Fukui,2020-04-17,1.16,0.04,2.11,0.61,1.55
Fukui,2020-04-19,1.1500000000000001,0.05,2.1,0.62,1.55
Fukui,2020-04-20,1.1400000000000001,0.02,2.06,0.64,1.56
Fukui,2020-04-21,1.1400000000000001,0.03,2.05,0.56,1.48
Fukuoka,2020-04-09,2.24,0.37,3.85,1.35,2.85
Fukuoka,2020-04-10,2.14,0.75,3.31,1.51,2.57
Fukuoka,2020-04-11,1.83,0.71,2.7800000000000002,1.35,2.2
Fukuoka,2020-04-12,1.46,0.53,2.32,1.04,1.78
Fukuoka,2020-04-13,1.1500000000000001,0.27,1.8900000000000001,0.73,1.41
Fukuoka,2020-04-14,0.93,0.11,1.59,0.58,1.21
Fukuoka,2020-04-15,0.8200000000000001,0.05,1.43,0.51,1.11
Fukuoka,2020-04-16,0.81,0.06,1.41,0.46,1.05
Fukuoka,2020-04-17,0.8,0.09,1.41,0.45,1.03
Fukuoka,2020-04-19,0.77,0.05,1.34,0.42,0.99
Fukuoka,2020-04-20,0.73,0.03,1.29,0.4,0.96
Fukuoka,2020-04-21,0.6900000000000001,0.02,1.25,0.33,0.89
Fukushima,2020-03-31,0.15,0.0,8.73,0.0,4.03
Fukushima,2020-04-01,3.84,0.0,8.31,1.45,5.5
Fukushima,2020-04-02,2.56,0.0,6.3100000000000005,0.8200000000000001,3.86
Fukushima,2020-04-03,2.08,0.0,5.34,0.61,3.17
Fukushima,2020-04-04,2.56,0.0,5.22,1.2,3.67
Fukushima,2020-04-05,2.17,0.0,4.55,0.88,3.04
Fukushima,2020-04-06,2.36,0.04,4.44,1.21,3.24
Fukushima,2020-04-07,2.08,0.03,3.97,1.08,2.9
Fukushima,2020-04-08,1.8900000000000001,0.06,3.67,1.02,2.69
Fukushima,2020-04-09,1.76,0.03,3.4,0.88,2.44
Fukushima,2020-04-10,1.44,0.0,3.02,0.55,1.98
Fukushima,2020-04-11,1.19,0.0,2.7600000000000002,0.31,1.6300000000000001
Fukushima,2020-04-12,0.9500000000000001,0.0,2.57,0.15,1.36
Fukushima,2020-04-13,0.9500000000000001,0.0,2.5500000000000003,0.18,1.3800000000000001
Fukushima,2020-04-14,1.16,0.0,2.67,0.38,1.6500000000000001
Fukushima,2020-04-15,1.34,0.01,2.77,0.6,1.9000000000000001
Fukushima,2020-04-16,1.48,0.01,2.83,0.76,2.06
Fukushima,2020-04-17,1.59,0.06,2.89,0.84,2.12
Fukushima,2020-04-19,1.53,0.04,2.7600000000000002,0.79,2.02
Fukushima,2020-04-20,1.35,0.01,2.54,0.72,1.8800000000000001
Fukushima,2020-04-21,1.2,0.0,2.38,0.55,1.6600000000000001
Gifu,2020-03-21,0.15,0.0,8.73,0.0,4.03
Gifu,2020-03-22,0.18,0.0,7.1000000000000005,0.0,3.2
Gifu,2020-03-23,3.0100000000000002,0.0,7.1000000000000005,1.16,4.59
Gifu,2020-03-24,2.2800000000000002,0.0,5.76,0.61,3.38
Gifu,2020-03-25,1.93,0.0,5.01,0.55,2.95
Gifu,2020-03-27,1.74,0.0,4.53,0.55,2.71
Gifu,2020-03-28,1.61,0.0,4.18,0.54,2.5300000000000002
Gifu,2020-03-29,1.52,0.0,3.91,0.28,2.15
Gifu,2020-03-30,1.45,0.0,3.7,0.44,2.2
Gifu,2020-03-31,1.4000000000000001,0.0,3.5300000000000002,0.34,2.02
Gifu,2020-04-01,1.7,0.0,3.63,0.67,2.39
Gifu,2020-04-02,1.9000000000000001,0.01,3.64,0.9400000000000001,2.62
Gifu,2020-04-03,2.0,0.08,3.63,1.11,2.71
Gifu,2020-04-04,2.05,0.17,3.59,1.1500000000000001,2.66
Gifu,2020-04-05,1.8800000000000001,0.13,3.3000000000000003,1.06,2.46
Gifu,2020-04-06,1.76,0.15,3.12,1.03,2.34
Gifu,2020-04-07,1.67,0.11,2.93,1.0,2.24
Gifu,2020-04-08,1.72,0.19,2.95,1.08,2.27
Gifu,2020-04-09,1.74,0.3,2.97,1.08,2.22
Gifu,2020-04-10,1.75,0.37,2.94,1.09,2.18
Gifu,2020-04-11,1.75,0.47000000000000003,2.93,1.17,2.2
Gifu,2020-04-12,1.59,0.35000000000000003,2.68,1.06,2.04
Gifu,2020-04-13,1.53,0.31,2.56,0.96,1.9100000000000001
Gifu,2020-04-14,1.42,0.23,2.39,0.86,1.78
Gifu,2020-04-15,1.25,0.11,2.16,0.73,1.62
Gifu,2020-04-16,1.17,0.08,2.06,0.7000000000000001,1.57
Gifu,2020-04-17,1.04,0.04,1.9100000000000001,0.58,1.43
Gifu,2020-04-19,0.97,0.0,1.82,0.52,1.36
Gifu,2020-04-20,0.97,0.01,1.83,0.43,1.28
Gifu,2020-04-21,0.9,0.0,1.77,0.34,1.18
Gunma,2020-03-24,0.15,0.0,8.73,0.0,4.03
Gunma,2020-03-25,0.18,0.0,7.1000000000000005,0.0,3.2
Gunma,2020-03-27,0.2,0.0,6.15,0.03,2.79
Gunma,2020-03-28,0.21,0.0,5.54,0.02,2.5100000000000002
Gunma,2020-03-29,0.23,0.0,5.1000000000000005,0.07,2.36
Gunma,2020-03-30,0.24,0.0,4.7700000000000005,0.04,2.19
Gunma,2020-03-31,0.25,0.0,4.51,0.03,2.07
Gunma,2020-04-01,0.26,0.0,4.29,0.07,2.0100000000000002
Gunma,2020-04-02,0.27,0.0,4.12,0.03,1.9000000000000001
Gunma,2020-04-03,0.28,0.0,3.96,0.06,1.86
Gunma,2020-04-04,0.29,0.0,3.83,0.08,1.82
Gunma,2020-04-05,0.31,0.0,3.71,0.08,1.77
Gunma,2020-04-06,0.33,0.0,3.61,0.06,1.71
Gunma,2020-04-07,1.48,0.0,3.8200000000000003,0.26,2.08
Gunma,2020-04-08,2.58,0.13,4.55,1.52,3.49
Gunma,2020-04-09,3.0300000000000002,0.78,4.99,2.05,3.8200000000000003
Gunma,2020-04-10,3.09,1.1500000000000001,4.83,2.2600000000000002,3.7800000000000002
Gunma,2020-04-11,2.84,1.1300000000000001,4.34,2.13,3.45
Gunma,2020-04-12,2.42,0.89,3.7600000000000002,1.81,2.99
Gunma,2020-04-13,1.97,0.54,3.17,1.3800000000000001,2.47
Gunma,2020-04-14,1.67,0.36,2.8000000000000003,1.08,2.11
Gunma,2020-04-15,1.36,0.1,2.35,0.79,1.77
Gunma,2020-04-16,1.26,0.08,2.23,0.73,1.68
Gunma,2020-04-17,1.24,0.07,2.19,0.68,1.62
Gunma,2020-04-19,1.23,0.08,2.17,0.65,1.58
Gunma,2020-04-20,1.21,0.05,2.12,0.73,1.6400000000000001
Gunma,2020-04-21,1.2,0.08,2.12,0.71,1.61
Hiroshima,2020-04-02,0.15,0.0,8.73,0.0,4.03
Hiroshima,2020-04-03,3.84,0.0,8.31,1.45,5.5
Hiroshima,2020-04-04,2.56,0.0,6.3100000000000005,0.8200000000000001,3.86
Hiroshima,2020-04-05,3.0100000000000002,0.02,5.94,1.3800000000000001,4.18
Hiroshima,2020-04-06,2.4,0.0,4.96,1.05,3.4
Hiroshima,2020-04-07,1.56,0.0,4.04,0.3,2.23
Hiroshima,2020-04-08,1.48,0.0,3.8000000000000003,0.39,2.2
Hiroshima,2020-04-09,2.2,0.05,4.2,1.11,3.0300000000000002
Hiroshima,2020-04-10,2.56,0.31,4.45,1.5,3.31
Hiroshima,2020-04-11,2.45,0.42,4.2,1.57,3.19
Hiroshima,2020-04-12,2.35,0.45,3.92,1.51,2.98
Hiroshima,2020-04-13,2.5300000000000002,0.79,4.0,1.77,3.1
Hiroshima,2020-04-14,2.45,0.9500000000000001,3.84,1.73,2.93
Hiroshima,2020-04-15,2.36,0.9400000000000001,3.5700000000000003,1.75,2.83
Hiroshima,2020-04-16,2.12,0.86,3.27,1.6,2.59
Hiroshima,2020-04-17,1.8800000000000001,0.66,2.92,1.35,2.2800000000000002
Hiroshima,2020-04-19,1.6400000000000001,0.51,2.65,1.11,2.0
Hiroshima,2020-04-20,1.4000000000000001,0.32,2.36,0.88,1.74
Hiroshima,2020-04-21,1.09,0.05,1.92,0.59,1.42
Hokkaido,2020-04-17,1.9000000000000001,0.05,3.43,1.07,2.58
Hokkaido,2020-04-19,1.6500000000000001,0.22,2.81,1.0,2.11
Hokkaido,2020-04-20,1.35,0.18,2.31,0.84,1.75
Hokkaido,2020-04-21,1.1,0.08,1.9100000000000001,0.61,1.41
Hyogo,2020-04-19,0.71,0.0,2.69,0.01,1.24
Hyogo,2020-04-20,0.71,0.0,2.11,0.06,1.04
Hyogo,2020-04-21,0.58,0.0,1.77,0.06,0.88
Ibaraki,2020-03-23,0.15,0.0,8.73,0.0,4.03
Ibaraki,2020-03-24,0.18,0.0,7.1000000000000005,0.0,3.2
Ibaraki,2020-03-25,3.0100000000000002,0.0,7.1000000000000005,1.16,4.59
Ibaraki,2020-03-27,2.2800000000000002,0.0,5.76,0.61,3.38
Ibaraki,2020-03-28,2.7600000000000002,0.03,5.5600000000000005,1.25,3.87
Ibaraki,2020-03-29,2.27,0.0,4.74,0.9400000000000001,3.19
Ibaraki,2020-03-30,2.0,0.0,4.23,0.81,2.82
Ibaraki,2020-03-31,2.56,0.16,4.55,1.47,3.43
Ibaraki,2020-04-01,2.49,0.26,4.3100000000000005,1.46,3.23
Ibaraki,2020-04-02,2.61,0.6,4.37,1.67,3.27
Ibaraki,2020-04-03,2.44,0.58,3.99,1.62,3.0500000000000003
Ibaraki,2020-04-04,2.16,0.51,3.6,1.43,2.73
Ibaraki,2020-04-05,1.86,0.31,3.14,1.1300000000000001,2.34
Ibaraki,2020-04-06,1.6400000000000001,0.18,2.81,0.9500000000000001,2.09
Ibaraki,2020-04-07,1.27,0.01,2.34,0.65,1.71
Ibaraki,2020-04-08,1.25,0.02,2.31,0.66,1.7
Ibaraki,2020-04-09,1.33,0.06,2.38,0.7000000000000001,1.74
Ibaraki,2020-04-10,1.4000000000000001,0.11,2.44,0.8200000000000001,1.84
Ibaraki,2020-04-11,1.45,0.17,2.49,0.87,1.87
Ibaraki,2020-04-12,1.42,0.15,2.41,0.86,1.83
Ibaraki,2020-04-13,1.3800000000000001,0.16,2.36,0.81,1.76
Ibaraki,2020-04-14,1.29,0.13,2.24,0.76,1.68
Ibaraki,2020-04-15,1.27,0.11,2.19,0.71,1.62
Ibaraki,2020-04-16,1.19,0.06,2.07,0.65,1.54
Ibaraki,2020-04-17,1.24,0.1,2.13,0.76,1.6400000000000001
Ibaraki,2020-04-19,1.23,0.12,2.12,0.73,1.6
Ibaraki,2020-04-20,1.1500000000000001,0.07,2.0100000000000002,0.63,1.49
Ibaraki,2020-04-21,1.1400000000000001,0.05,1.98,0.65,1.5
Ishikawa,2020-03-28,0.15,0.0,8.73,0.0,4.03
Ishikawa,2020-03-29,0.18,0.0,7.1000000000000005,0.0,3.2
Ishikawa,2020-03-30,3.0100000000000002,0.0,7.1000000000000005,1.16,4.59
Ishikawa,2020-03-31,2.2800000000000002,0.0,5.76,0.61,3.38
Ishikawa,2020-04-01,2.7600000000000002,0.03,5.5600000000000005,1.25,3.87
Ishikawa,2020-04-02,2.84,0.05,5.17,1.57,3.91
Ishikawa,2020-04-03,2.7600000000000002,0.21,4.87,1.6300000000000001,3.7
Ishikawa,2020-04-04,2.63,0.31,4.54,1.59,3.43
Ishikawa,2020-04-05,2.5,0.43,4.2700000000000005,1.54,3.19
Ishikawa,2020-04-06,2.38,0.47000000000000003,3.98,1.51,3.0
Ishikawa,2020-04-07,2.27,0.53,3.75,1.54,2.89
Ishikawa,2020-04-08,2.17,0.59,3.56,1.48,2.72
Ishikawa,2020-04-09,2.09,0.6,3.36,1.4000000000000001,2.5500000000000003
Ishikawa,2020-04-10,2.0100000000000002,0.65,3.22,1.37,2.44
Ishikawa,2020-04-11,1.87,0.59,3.0,1.28,2.2800000000000002
Ishikawa,2020-04-12,1.69,0.47000000000000003,2.75,1.12,2.07
Ishikawa,2020-04-13,1.55,0.37,2.5500000000000003,1.02,1.93
Ishikawa,2020-04-14,1.44,0.29,2.39,0.93,1.81
Ishikawa,2020-04-15,1.46,0.33,2.39,0.9400000000000001,1.8
Ishikawa,2020-04-16,1.42,0.36,2.36,1.0,1.83
Ishikawa,2020-04-17,1.3900000000000001,0.31,2.27,0.97,1.78
Ishikawa,2020-04-19,1.36,0.35000000000000003,2.2600000000000002,0.87,1.67
Ishikawa,2020-04-20,1.33,0.31,2.19,0.89,1.67
Ishikawa,2020-04-21,1.31,0.35000000000000003,2.19,0.84,1.61
Kagawa,2020-04-10,0.15,0.0,8.73,0.0,4.03
Kagawa,2020-04-11,3.84,0.0,8.31,1.45,5.5
Kagawa,2020-04-12,3.84,0.06,7.140000000000001,2.0,5.3100000000000005
Kagawa,2020-04-13,2.7600000000000002,0.01,5.54,1.23,3.85
Kagawa,2020-04-14,2.27,0.0,4.74,0.93,3.18
Kagawa,2020-04-15,2.0,0.0,4.23,0.81,2.82
Kagawa,2020-04-16,1.42,0.0,3.61,0.34,2.06
Kagawa,2020-04-17,0.98,0.0,3.21,0.09,1.57
Kagawa,2020-04-19,0.97,0.0,3.15,0.07,1.53
Kagawa,2020-04-20,0.96,0.0,3.1,0.06,1.5
Kagawa,2020-04-21,0.9500000000000001,0.0,3.0500000000000003,0.06,1.48
Kanagawa,2020-04-06,2.0,0.07,3.61,1.05,2.64
Kanagawa,2020-04-07,1.93,0.46,3.22,1.3,2.46
Kanagawa,2020-04-08,1.94,0.73,3.0,1.3800000000000001,2.32
Kanagawa,2020-04-09,1.72,0.7000000000000001,2.64,1.26,2.06
Kanagawa,2020-04-10,1.6600000000000001,0.77,2.49,1.25,1.96
Kanagawa,2020-04-11,1.56,0.72,2.29,1.1500000000000001,1.8
Kanagawa,2020-04-12,1.43,0.65,2.11,1.07,1.67
Kanagawa,2020-04-13,1.36,0.62,2.0,1.0,1.57
Kanagawa,2020-04-14,1.27,0.55,1.87,0.9500000000000001,1.49
Kanagawa,2020-04-15,1.27,0.59,1.86,0.97,1.49
Kanagawa,2020-04-16,1.26,0.59,1.82,0.93,1.44
Kanagawa,2020-04-17,1.17,0.52,1.72,0.89,1.3800000000000001
Kanagawa,2020-04-19,1.1400000000000001,0.54,1.71,0.87,1.35
Kanagawa,2020-04-20,1.07,0.45,1.61,0.77,1.25
Kanagawa,2020-04-21,0.96,0.37,1.52,0.65,1.1300000000000001
Kochi,2020-03-28,0.15,0.0,8.73,0.0,4.03
Kochi,2020-03-29,0.18,0.0,7.1000000000000005,0.0,3.2
Kochi,2020-03-30,0.2,0.0,6.15,0.03,2.79
Kochi,2020-03-31,2.56,0.0,6.3100000000000005,0.84,3.88
Kochi,2020-04-01,2.08,0.0,5.34,0.62,3.18
Kochi,2020-04-02,1.82,0.0,4.75,0.51,2.7800000000000002
Kochi,2020-04-03,1.6600000000000001,0.0,4.34,0.47000000000000003,2.54
Kochi,2020-04-04,2.08,0.01,4.39,0.87,2.95
Kochi,2020-04-05,1.87,0.0,3.99,0.8,2.69
Kochi,2020-04-06,2.08,0.05,3.99,0.99,2.82
Kochi,2020-04-07,1.8900000000000001,0.01,3.63,0.89,2.57
Kochi,2020-04-08,1.76,0.04,3.41,0.9,2.46
Kochi,2020-04-09,1.6600000000000001,0.03,3.21,0.87,2.34
Kochi,2020-04-10,1.58,0.01,3.04,0.78,2.18
Kochi,2020-04-11,1.52,0.02,2.92,0.75,2.09
Kochi,2020-04-12,1.31,0.0,2.67,0.51,1.77
Kochi,2020-04-13,1.12,0.0,2.49,0.42,1.6
Kochi,2020-04-14,0.9400000000000001,0.0,2.34,0.24,1.35
Kochi,2020-04-15,0.93,0.0,2.34,0.18,1.29
Kochi,2020-04-16,0.93,0.0,2.33,0.29,1.3900000000000001
Kochi,2020-04-17,1.1,0.0,2.43,0.33,1.49
Kochi,2020-04-19,1.09,0.0,2.4,0.41000000000000003,1.55
Kochi,2020-04-20,1.09,0.0,2.38,0.38,1.51
Kochi,2020-04-21,1.08,0.0,2.36,0.37,1.49
Kumamoto,2020-03-27,0.15,0.0,8.73,0.0,4.03
Kumamoto,2020-03-28,0.18,0.0,7.1000000000000005,0.0,3.2
Kumamoto,2020-03-29,0.2,0.0,6.15,0.03,2.79
Kumamoto,2020-03-30,0.21,0.0,5.54,0.02,2.5100000000000002
Kumamoto,2020-03-31,0.23,0.0,5.1000000000000005,0.07,2.36
Kumamoto,2020-04-01,0.24,0.0,4.7700000000000005,0.04,2.19
Kumamoto,2020-04-02,0.25,0.0,4.51,0.03,2.07
Kumamoto,2020-04-03,0.26,0.0,4.29,0.07,2.0100000000000002
Kumamoto,2020-04-04,0.27,0.0,4.12,0.03,1.9000000000000001
Kumamoto,2020-04-05,0.28,0.0,3.96,0.06,1.86
Kumamoto,2020-04-06,0.29,0.0,3.83,0.08,1.82
Kumamoto,2020-04-07,0.31,0.0,3.71,0.08,1.77
Kumamoto,2020-04-08,0.33,0.0,3.61,0.06,1.71
Kumamoto,2020-04-09,0.38,0.0,3.52,0.07,1.68
Kumamoto,2020-04-10,0.79,0.0,3.43,0.11,1.68
Kumamoto,2020-04-11,0.81,0.0,3.36,0.09,1.6300000000000001
Kumamoto,2020-04-12,0.8200000000000001,0.0,3.29,0.1,1.61
Kumamoto,2020-04-13,0.8300000000000001,0.0,3.23,0.06,1.55
Kumamoto,2020-04-14,1.35,0.0,3.41,0.29,1.9100000000000001
Kumamoto,2020-04-15,1.31,0.0,3.2800000000000002,0.29,1.85
Kumamoto,2020-04-16,1.28,0.0,3.17,0.27,1.78
Kumamoto,2020-04-17,1.25,0.0,3.08,0.33,1.79
Kumamoto,2020-04-19,1.22,0.0,2.99,0.34,1.76
Kumamoto,2020-04-20,1.2,0.0,2.92,0.45,1.83
Kumamoto,2020-04-21,1.18,0.0,2.85,0.39,1.74
Kyoto,2020-03-19,0.15,0.0,8.73,0.0,4.03
Kyoto,2020-03-20,0.18,0.0,7.1000000000000005,0.0,3.2
Kyoto,2020-03-21,0.2,0.0,6.15,0.03,2.79
Kyoto,2020-03-22,0.21,0.0,5.54,0.02,2.5100000000000002
Kyoto,2020-03-23,2.2800000000000002,0.0,5.76,0.63,3.4
Kyoto,2020-03-24,2.7600000000000002,0.0,5.54,1.26,3.88
Kyoto,2020-03-25,2.84,0.06,5.18,1.59,3.93
Kyoto,2020-03-27,2.7600000000000002,0.21,4.87,1.6400000000000001,3.71
Kyoto,2020-03-28,2.63,0.3,4.53,1.6,3.44
Kyoto,2020-03-29,2.5,0.43,4.2700000000000005,1.54,3.19
Kyoto,2020-03-30,2.38,0.47000000000000003,3.98,1.51,3.0
Kyoto,2020-03-31,2.27,0.53,3.75,1.55,2.9
Kyoto,2020-04-01,2.05,0.51,3.46,1.3,2.5500000000000003
Kyoto,2020-04-02,1.8900000000000001,0.44,3.19,1.24,2.4
Kyoto,2020-04-03,1.87,0.49,3.1,1.28,2.37
Kyoto,2020-04-04,1.76,0.43,2.9,1.2,2.23
Kyoto,2020-04-05,1.75,0.49,2.85,1.2,2.18
Kyoto,2020-04-06,1.6600000000000001,0.47000000000000003,2.72,1.1,2.04
Kyoto,2020-04-07,1.59,0.45,2.61,1.06,1.96
Kyoto,2020-04-08,1.53,0.4,2.49,1.01,1.8800000000000001
Kyoto,2020-04-09,1.54,0.48,2.5,1.04,1.8800000000000001
Kyoto,2020-04-10,1.44,0.38,2.34,0.99,1.8
Kyoto,2020-04-11,1.4000000000000001,0.38,2.29,0.96,1.75
Kyoto,2020-04-12,1.33,0.34,2.2,0.84,1.62
Kyoto,2020-04-13,1.3,0.33,2.16,0.87,1.6300000000000001
Kyoto,2020-04-14,1.24,0.25,2.05,0.81,1.56
Kyoto,2020-04-15,1.23,0.25,2.0300000000000002,0.81,1.55
Kyoto,2020-04-16,1.21,0.25,2.0100000000000002,0.75,1.49
Kyoto,2020-04-17,1.24,0.3,2.05,0.8,1.53
Kyoto,2020-04-19,1.23,0.29,2.02,0.8,1.52
Kyoto,2020-04-20,1.21,0.3,2.0100000000000002,0.81,1.52
Kyoto,2020-04-21,1.16,0.24,1.93,0.72,1.43
Mie,2020-04-09,0.15,0.0,8.73,0.0,4.03
Mie,2020-04-10,0.18,0.0,7.1000000000000005,0.0,3.2
Mie,2020-04-11,0.2,0.0,6.15,0.03,2.79
Mie,2020-04-12,0.21,0.0,5.54,0.02,2.5100000000000002
Mie,2020-04-13,0.23,0.0,5.1000000000000005,0.07,2.36
Mie,2020-04-14,2.08,0.0,5.34,0.66,3.22
Mie,2020-04-15,2.56,0.01,5.23,1.25,3.72
Mie,2020-04-16,2.69,0.08,4.98,1.44,3.69
Mie,2020-04-17,2.27,0.02,4.29,1.17,3.14
Mie,2020-04-19,2.02,0.02,3.87,1.03,2.81
Mie,2020-04-20,1.85,0.01,3.56,0.96,2.6
Mie,2020-04-21,1.49,0.0,3.14,0.56,2.05
Miyagi,2020-03-29,0.15,0.0,8.73,0.0,4.03
Miyagi,2020-03-30,0.18,0.0,7.1000000000000005,0.0,3.2
Miyagi,2020-03-31,3.0100000000000002,0.0,7.1000000000000005,1.16,4.59
Miyagi,2020-04-01,2.2800000000000002,0.0,5.76,0.61,3.38
Miyagi,2020-04-02,2.7600000000000002,0.03,5.5600000000000005,1.25,3.87
Miyagi,2020-04-03,2.27,0.0,4.74,0.9400000000000001,3.19
Miyagi,2020-04-04,2.0,0.0,4.23,0.81,2.82
Miyagi,2020-04-05,2.2,0.03,4.18,1.08,3.0
Miyagi,2020-04-06,1.6600000000000001,0.0,3.54,0.65,2.33
Miyagi,2020-04-07,1.58,0.0,3.35,0.6,2.19
Miyagi,2020-04-08,1.51,0.01,3.2,0.62,2.13
Miyagi,2020-04-09,1.68,0.02,3.25,0.79,2.29
Miyagi,2020-04-10,1.6,0.01,3.08,0.78,2.2
Miyagi,2020-04-11,1.72,0.07,3.13,0.96,2.34
Miyagi,2020-04-12,1.6300000000000001,0.05,2.96,0.91,2.22
Miyagi,2020-04-13,1.7,0.17,3.04,0.96,2.23
Miyagi,2020-04-14,1.62,0.11,2.85,0.91,2.12
Miyagi,2020-04-15,1.56,0.16,2.7800000000000002,0.86,2.02
Miyagi,2020-04-16,1.4000000000000001,0.05,2.5100000000000002,0.81,1.9100000000000001
Miyagi,2020-04-17,1.27,0.03,2.35,0.66,1.72
Miyagi,2020-04-19,1.1500000000000001,0.0,2.21,0.5,1.53
Miyagi,2020-04-20,1.1400000000000001,0.0,2.19,0.5,1.52
Miyagi,2020-04-21,1.03,0.0,2.09,0.39,1.3800000000000001
Nagano,2020-03-27,0.15,0.0,8.73,0.0,4.03
Nagano,2020-03-28,0.18,0.0,7.1000000000000005,0.0,3.2
Nagano,2020-03-29,0.2,0.0,6.15,0.03,2.79
Nagano,2020-03-30,0.21,0.0,5.54,0.02,2.5100000000000002
Nagano,2020-03-31,0.23,0.0,5.1000000000000005,0.07,2.36
Nagano,2020-04-01,0.24,0.0,4.7700000000000005,0.04,2.19
Nagano,2020-04-02,0.25,0.0,4.51,0.03,2.07
Nagano,2020-04-03,0.26,0.0,4.29,0.07,2.0100000000000002
Nagano,2020-04-04,0.27,0.0,4.12,0.03,1.9000000000000001
Nagano,2020-04-05,0.28,0.0,3.96,0.06,1.86
Nagano,2020-04-06,1.61,0.0,4.19,0.3,2.3000000000000003
Nagano,2020-04-07,1.52,0.0,3.92,0.28,2.15
Nagano,2020-04-08,1.8800000000000001,0.0,4.0,0.73,2.63
Nagano,2020-04-09,1.74,0.0,3.71,0.67,2.43
Nagano,2020-04-10,1.6300000000000001,0.0,3.48,0.64,2.29
Nagano,2020-04-11,1.56,0.0,3.3000000000000003,0.65,2.21
Nagano,2020-04-12,1.23,0.0,2.97,0.39,1.8
Nagano,2020-04-13,1.46,0.0,3.0700000000000003,0.6,2.05
Nagano,2020-04-14,1.41,0.0,2.96,0.54,1.94
Nagano,2020-04-15,1.3800000000000001,0.01,2.87,0.56,1.9100000000000001
Nagano,2020-04-16,1.53,0.04,2.95,0.72,2.07
Nagano,2020-04-17,1.31,0.0,2.68,0.55,1.81
Nagano,2020-04-19,1.28,0.0,2.62,0.54,1.77
Nagano,2020-04-20,1.26,0.0,2.56,0.5700000000000001,1.77
Nagano,2020-04-21,1.09,0.0,2.4,0.38,1.52
Nara,2020-03-25,0.15,0.0,8.73,0.0,4.03
Nara,2020-03-27,0.18,0.0,7.1000000000000005,0.0,3.2
Nara,2020-03-28,0.2,0.0,6.15,0.03,2.79
Nara,2020-03-29,0.21,0.0,5.54,0.02,2.5100000000000002
Nara,2020-03-30,2.2800000000000002,0.0,5.76,0.63,3.4
Nara,2020-03-31,1.93,0.0,5.0200000000000005,0.55,2.95
Nara,2020-04-01,1.74,0.0,4.53,0.55,2.71
Nara,2020-04-02,1.61,0.0,4.18,0.5,2.49
Nara,2020-04-03,1.52,0.0,3.91,0.27,2.14
Nara,2020-04-04,1.45,0.0,3.7,0.41000000000000003,2.17
Nara,2020-04-05,1.3900000000000001,0.0,3.5300000000000002,0.33,2.0100000000000002
Nara,2020-04-06,1.35,0.0,3.39,0.34,1.95
Nara,2020-04-07,1.32,0.0,3.2600000000000002,0.36,1.9100000000000001
Nara,2020-04-08,1.29,0.0,3.16,0.35000000000000003,1.85
Nara,2020-04-09,1.54,0.0,3.2600000000000002,0.62,2.16
Nara,2020-04-10,1.48,0.0,3.12,0.63,2.1
Nara,2020-04-11,1.43,0.0,3.0,0.53,1.95
Nara,2020-04-12,1.3900000000000001,0.0,2.9,0.53,1.9000000000000001
Nara,2020-04-13,1.36,0.0,2.81,0.61,1.93
Nara,2020-04-14,1.33,0.0,2.73,0.51,1.8
Nara,2020-04-15,1.3,0.01,2.67,0.58,1.83
Nara,2020-04-16,1.28,0.0,2.6,0.58,1.8
Nara,2020-04-17,1.41,0.01,2.67,0.65,1.8800000000000001
Nara,2020-04-19,1.37,0.03,2.61,0.68,1.87
Nara,2020-04-20,1.47,0.05,2.66,0.76,1.94
Nara,2020-04-21,1.43,0.04,2.57,0.75,1.8900000000000001
Niigata,2020-04-06,0.15,0.0,8.73,0.0,4.03
Niigata,2020-04-07,0.18,0.0,7.1000000000000005,0.0,3.2
Niigata,2020-04-08,3.0100000000000002,0.0,7.1000000000000005,1.16,4.59
Niigata,2020-04-09,2.2800000000000002,0.0,5.76,0.61,3.38
Niigata,2020-04-10,0.23,0.0,4.5,0.02,2.06
Niigata,2020-04-11,0.24,0.0,4.29,0.07,2.0100000000000002
Niigata,2020-04-12,0.25,0.0,4.11,0.03,1.9000000000000001
Niigata,2020-04-13,0.26,0.0,3.96,0.05,1.85
Niigata,2020-04-14,1.61,0.0,4.19,0.31,2.31
Niigata,2020-04-15,1.52,0.0,3.92,0.29,2.16
Niigata,2020-04-16,1.45,0.0,3.71,0.25,2.02
Niigata,2020-04-17,1.78,0.0,3.8000000000000003,0.73,2.5300000000000002
Niigata,2020-04-19,1.33,0.0,3.3200000000000003,0.32,1.9000000000000001
Niigata,2020-04-20,1.3,0.0,3.21,0.27,1.8
Niigata,2020-04-21,1.27,0.0,3.11,0.3,1.78
Oita,2020-04-06,0.15,0.0,8.73,0.0,4.03
Oita,2020-04-07,3.84,0.0,8.31,1.45,5.5
Oita,2020-04-08,2.56,0.0,6.3100000000000005,0.8200000000000001,3.86
Oita,2020-04-09,2.08,0.0,5.34,0.61,3.17
Oita,2020-04-10,0.23,0.0,4.29,0.06,2.0
Oita,2020-04-11,0.24,0.0,4.11,0.03,1.9000000000000001
Oita,2020-04-12,0.25,0.0,3.96,0.05,1.85
Oita,2020-04-13,0.26,0.0,3.83,0.08,1.82
Oita,2020-04-14,1.56,0.0,4.05,0.34,2.27
Oita,2020-04-15,1.48,0.0,3.81,0.46,2.27
Oita,2020-04-16,1.42,0.0,3.62,0.36,2.08
Oita,2020-04-17,1.37,0.0,3.46,0.26,1.9100000000000001
Oita,2020-04-19,1.33,0.0,3.33,0.35000000000000003,1.93
Oita,2020-04-20,1.3,0.0,3.21,0.28,1.81
Oita,2020-04-21,1.56,0.0,3.31,0.59,2.16
Osaka,2020-04-01,1.76,0.01,3.38,0.88,2.43
Osaka,2020-04-02,1.61,0.13,2.8000000000000003,0.96,2.12
Osaka,2020-04-03,1.47,0.26,2.52,0.87,1.84
Osaka,2020-04-04,1.4000000000000001,0.32,2.33,0.96,1.8
Osaka,2020-04-05,1.31,0.35000000000000003,2.17,0.87,1.6300000000000001
Osaka,2020-04-06,1.37,0.48,2.17,0.9500000000000001,1.6500000000000001
Osaka,2020-04-07,1.59,0.8,2.35,1.21,1.85
Osaka,2020-04-08,1.75,0.99,2.41,1.44,2.02
Osaka,2020-04-09,1.79,1.12,2.42,1.45,1.99
Osaka,2020-04-10,1.7,1.08,2.29,1.41,1.9100000000000001
Osaka,2020-04-11,1.53,0.93,2.08,1.22,1.7
Osaka,2020-04-12,1.3900000000000001,0.8,1.9100000000000001,1.1,1.56
Osaka,2020-04-13,1.28,0.71,1.79,0.99,1.44
Osaka,2020-04-14,1.21,0.67,1.73,0.9400000000000001,1.3800000000000001
Osaka,2020-04-15,1.29,0.72,1.77,1.04,1.47
Osaka,2020-04-16,1.3800000000000001,0.86,1.8800000000000001,1.1400000000000001,1.56
Osaka,2020-04-17,1.43,0.9,1.9000000000000001,1.19,1.6
Osaka,2020-04-19,1.42,0.92,1.8900000000000001,1.19,1.59
Osaka,2020-04-20,1.37,0.87,1.82,1.1500000000000001,1.54
Osaka,2020-04-21,1.32,0.81,1.75,1.07,1.46
Saitama,2020-04-08,1.79,0.0,3.43,0.86,2.44
Saitama,2020-04-09,1.87,0.38,3.18,1.19,2.38
Saitama,2020-04-10,1.7,0.48,2.8000000000000003,1.1500000000000001,2.12
Saitama,2020-04-11,1.5,0.41000000000000003,2.43,1.01,1.85
Saitama,2020-04-12,1.35,0.36,2.18,0.88,1.6400000000000001
Saitama,2020-04-13,1.32,0.44,2.12,0.89,1.59
Saitama,2020-04-14,1.3,0.45,2.0300000000000002,0.92,1.57
Saitama,2020-04-15,1.43,0.64,2.12,1.06,1.67
Saitama,2020-04-16,1.41,0.6900000000000001,2.08,1.1,1.67
Saitama,2020-04-17,1.35,0.63,1.96,1.01,1.56
Saitama,2020-04-19,1.28,0.59,1.87,0.9400000000000001,1.47
Saitama,2020-04-20,1.1500000000000001,0.5,1.74,0.85,1.36
Saitama,2020-04-21,1.04,0.4,1.62,0.77,1.27
Shiga,2020-04-01,0.15,0.0,8.73,0.0,4.03
Shiga,2020-04-02,3.84,0.0,8.31,1.45,5.5
Shiga,2020-04-03,2.56,0.0,6.3100000000000005,0.8200000000000001,3.86
Shiga,2020-04-04,2.08,0.0,5.34,0.61,3.17
Shiga,2020-04-05,1.82,0.0,4.75,0.51,2.7800000000000002
Shiga,2020-04-06,1.6600000000000001,0.0,4.34,0.49,2.56
Shiga,2020-04-07,1.56,0.0,4.04,0.3,2.23
Shiga,2020-04-08,1.93,0.0,4.11,0.79,2.74
Shiga,2020-04-09,2.14,0.06,4.1,1.08,2.95
Shiga,2020-04-10,1.93,0.03,3.72,0.9500000000000001,2.66
Shiga,2020-04-11,1.79,0.02,3.45,0.86,2.45
Shiga,2020-04-12,1.68,0.01,3.24,0.91,2.4
Shiga,2020-04-13,1.6,0.04,3.1,0.76,2.18
Shiga,2020-04-14,1.71,0.05,3.11,0.9400000000000001,2.32
Shiga,2020-04-15,1.6300000000000001,0.04,2.95,0.89,2.2
Shiga,2020-04-16,1.56,0.05,2.83,0.89,2.14
Shiga,2020-04-17,1.51,0.08,2.75,0.77,1.98
Shiga,2020-04-19,1.46,0.08,2.66,0.8200000000000001,1.98
Shiga,2020-04-20,1.31,0.04,2.46,0.67,1.78
Shiga,2020-04-21,1.29,0.05,2.42,0.63,1.72
Shizuoka,2020-03-31,0.15,0.0,8.73,0.0,4.03
Shizuoka,2020-04-01,0.18,0.0,7.1000000000000005,0.0,3.2
Shizuoka,2020-04-02,0.2,0.0,6.15,0.03,2.79
Shizuoka,2020-04-03,0.21,0.0,5.54,0.02,2.5100000000000002
Shizuoka,2020-04-04,0.23,0.0,5.1000000000000005,0.07,2.36
Shizuoka,2020-04-05,0.24,0.0,4.7700000000000005,0.04,2.19
Shizuoka,2020-04-06,0.25,0.0,4.51,0.03,2.07
Shizuoka,2020-04-07,1.83,0.0,4.76,0.56,2.83
Shizuoka,2020-04-08,2.84,0.05,5.18,1.49,3.84
Shizuoka,2020-04-09,2.7600000000000002,0.16,4.83,1.54,3.62
Shizuoka,2020-04-10,2.64,0.32,4.55,1.62,3.46
Shizuoka,2020-04-11,2.27,0.25,3.99,1.35,2.99
Shizuoka,2020-04-12,1.84,0.06,3.34,1.0,2.48
Shizuoka,2020-04-13,1.55,0.03,2.98,0.8300000000000001,2.19
Shizuoka,2020-04-14,1.1400000000000001,0.0,2.58,0.34,1.57
Shizuoka,2020-04-15,1.1300000000000001,0.0,2.54,0.36,1.57
Shizuoka,2020-04-16,0.9400000000000001,0.0,2.39,0.23,1.36
Shizuoka,2020-04-17,0.9400000000000001,0.0,2.38,0.16,1.29
Shizuoka,2020-04-19,0.9400000000000001,0.0,2.37,0.23,1.35
Shizuoka,2020-04-20,0.93,0.0,2.36,0.17,1.29
Shizuoka,2020-04-21,0.93,0.0,2.35,0.26,1.37
Tochigi,2020-04-06,5.8500000000000005,0.02,10.08,2.91,7.890000000000001
Tochigi,2020-04-07,4.58,0.06,8.08,2.41,6.12
Tochigi,2020-04-08,3.0100000000000002,0.01,5.93,1.37,4.17
Tochigi,2020-04-09,3.0100000000000002,0.07,5.44,1.61,4.0600000000000005
Tochigi,2020-04-10,2.0,0.0,4.23,0.8,2.81
Tochigi,2020-04-11,1.82,0.0,3.88,0.74,2.58
Tochigi,2020-04-12,1.35,0.0,3.38,0.35000000000000003,1.96
Tochigi,2020-04-13,1.32,0.0,3.2600000000000002,0.38,1.93
Tochigi,2020-04-14,1.29,0.0,3.15,0.36,1.86
Tochigi,2020-04-15,1.27,0.0,3.06,0.3,1.76
Tochigi,2020-04-16,1.24,0.0,2.98,0.31,1.73
Tochigi,2020-04-17,1.22,0.0,2.9,0.4,1.78
Tochigi,2020-04-19,1.21,0.0,2.84,0.37,1.72
Tochigi,2020-04-20,1.19,0.0,2.7800000000000002,0.41000000000000003,1.73
Tochigi,2020-04-21,1.18,0.0,2.73,0.32,1.62
Tokyo,2020-03-25,3.84,1.9000000000000001,5.47,3.06,4.5200000000000005
Tokyo,2020-03-27,3.14,1.85,4.23,2.54,3.52
Tokyo,2020-03-28,2.7,1.69,3.5500000000000003,2.2800000000000002,3.04
Tokyo,2020-03-29,2.2600000000000002,1.43,3.0,1.86,2.5100000000000002
Tokyo,2020-03-30,1.96,1.21,2.61,1.59,2.17
Tokyo,2020-03-31,1.84,1.17,2.44,1.57,2.09
Tokyo,2020-04-01,1.75,1.12,2.3000000000000003,1.44,1.93
Tokyo,2020-04-02,1.82,1.24,2.34,1.58,2.0300000000000002
Tokyo,2020-04-03,1.84,1.29,2.32,1.56,1.99
Tokyo,2020-04-04,1.75,1.25,2.22,1.51,1.9100000000000001
Tokyo,2020-04-05,1.6600000000000001,1.17,2.1,1.4000000000000001,1.79
Tokyo,2020-04-06,1.61,1.12,2.02,1.3900000000000001,1.76
Tokyo,2020-04-07,1.61,1.1500000000000001,2.02,1.3900000000000001,1.75
Tokyo,2020-04-08,1.6500000000000001,1.2,2.04,1.42,1.77
Tokyo,2020-04-09,1.67,1.25,2.06,1.44,1.78
Tokyo,2020-04-10,1.62,1.19,1.98,1.4000000000000001,1.73
Tokyo,2020-04-11,1.51,1.09,1.86,1.3,1.62
Tokyo,2020-04-12,1.35,0.9400000000000001,1.7,1.17,1.48
Tokyo,2020-04-13,1.22,0.8300000000000001,1.58,1.03,1.34
Tokyo,2020-04-14,1.16,0.74,1.5,0.98,1.29
Tokyo,2020-04-15,1.22,0.8,1.56,1.03,1.34
Tokyo,2020-04-16,1.26,0.86,1.61,1.07,1.3800000000000001
Tokyo,2020-04-17,1.28,0.89,1.6300000000000001,1.08,1.3900000000000001
Tokyo,2020-04-19,1.24,0.8300000000000001,1.57,1.08,1.3800000000000001
Tokyo,2020-04-20,1.16,0.77,1.5,0.98,1.28
Tokyo,2020-04-21,1.05,0.67,1.4000000000000001,0.88,1.18
Toyama,2020-03-30,0.15,0.0,8.73,0.0,4.03
Toyama,2020-03-31,0.18,0.0,7.1000000000000005,0.0,3.2
Toyama,2020-04-01,3.0100000000000002,0.0,7.1000000000000005,1.16,4.59
Toyama,2020-04-02,2.2800000000000002,0.0,5.76,0.61,3.38
Toyama,2020-04-03,0.23,0.0,4.5,0.02,2.06
Toyama,2020-04-04,0.24,0.0,4.29,0.07,2.0100000000000002
Toyama,2020-04-05,0.25,0.0,4.11,0.03,1.9000000000000001
Toyama,2020-04-06,0.26,0.0,3.96,0.05,1.85
Toyama,2020-04-07,1.61,0.0,4.19,0.31,2.31
Toyama,2020-04-08,1.52,0.0,3.92,0.29,2.16
Toyama,2020-04-09,1.8800000000000001,0.0,4.0,0.73,2.63
Toyama,2020-04-10,2.08,0.03,3.98,1.03,2.86
Toyama,2020-04-11,2.44,0.23,4.21,1.43,3.17
Toyama,2020-04-12,2.36,0.35000000000000003,4.0200000000000005,1.44,3.02
Toyama,2020-04-13,2.2800000000000002,0.47000000000000003,3.85,1.43,2.87
Toyama,2020-04-14,1.9100000000000001,0.26,3.3000000000000003,1.12,2.44
Toyama,2020-04-15,1.9100000000000001,0.31,3.22,1.19,2.43
Toyama,2020-04-16,2.0100000000000002,0.52,3.3000000000000003,1.3800000000000001,2.54
Toyama,2020-04-17,1.96,0.5700000000000001,3.18,1.31,2.4
Toyama,2020-04-19,1.9100000000000001,0.58,3.04,1.31,2.33
Toyama,2020-04-20,1.86,0.62,2.94,1.3,2.2600000000000002
Toyama,2020-04-21,1.75,0.5700000000000001,2.77,1.21,2.12
Wakayama,2020-03-31,0.15,0.0,8.73,0.0,4.03
Wakayama,2020-04-01,0.18,0.0,7.1000000000000005,0.0,3.2
Wakayama,2020-04-02,0.2,0.0,6.15,0.03,2.79
Wakayama,2020-04-03,0.21,0.0,5.54,0.02,2.5100000000000002
Wakayama,2020-04-04,2.2800000000000002,0.0,5.76,0.63,3.4
Wakayama,2020-04-05,1.93,0.0,5.0200000000000005,0.55,2.95
Wakayama,2020-04-06,1.74,0.0,4.53,0.55,2.71
Wakayama,2020-04-07,1.61,0.0,4.18,0.5,2.49
Wakayama,2020-04-08,1.52,0.0,3.91,0.27,2.14
Wakayama,2020-04-09,0.29,0.0,3.42,0.08,1.6500000000000001
Wakayama,2020-04-10,0.9400000000000001,0.0,3.35,0.07,1.61
Wakayama,2020-04-11,0.92,0.0,3.2800000000000002,0.08,1.59
Wakayama,2020-04-12,0.91,0.0,3.22,0.11,1.59
Wakayama,2020-04-13,0.9,0.0,3.16,0.08,1.54
Wakayama,2020-04-14,0.9,0.0,3.11,0.07,1.51
Wakayama,2020-04-15,1.32,0.0,3.2800000000000002,0.3,1.86
Wakayama,2020-04-16,1.28,0.0,3.17,0.28,1.79
Wakayama,2020-04-17,1.26,0.0,3.08,0.34,1.8
Wakayama,2020-04-19,1.23,0.0,2.99,0.35000000000000003,1.77
Wakayama,2020-04-20,1.21,0.0,2.92,0.29,1.68
Wakayama,2020-04-21,1.19,0.0,2.85,0.41000000000000003,1.76
Yamagata,2020-04-02,0.15,0.0,8.73,0.0,4.03
Yamagata,2020-04-03,3.84,0.0,8.31,1.45,5.5
Yamagata,2020-04-04,3.84,0.06,7.140000000000001,2.0,5.3100000000000005
Yamagata,2020-04-05,2.7600000000000002,0.01,5.54,1.23,3.85
Yamagata,2020-04-06,2.84,0.05,5.17,1.55,3.89
Yamagata,2020-04-07,2.36,0.03,4.43,1.19,3.22
Yamagata,2020-04-08,2.07,0.02,3.96,1.06,2.88
Yamagata,2020-04-09,1.6,0.0,3.41,0.6900000000000001,2.3000000000000003
Yamagata,2020-04-10,1.53,0.0,3.24,0.67,2.2
Yamagata,2020-04-11,1.47,0.0,3.1,0.5700000000000001,2.04
Yamagata,2020-04-12,1.43,0.0,2.99,0.6,2.0100000000000002
Yamagata,2020-04-13,1.3900000000000001,0.0,2.89,0.61,1.97
Yamagata,2020-04-14,1.54,0.01,2.95,0.74,2.1
Yamagata,2020-04-15,1.6500000000000001,0.07,3.0100000000000002,0.88,2.21
Yamagata,2020-04-16,1.58,0.06,2.87,0.8300000000000001,2.1
Yamagata,2020-04-17,1.52,0.05,2.75,0.79,2.0100000000000002
Yamagata,2020-04-19,1.35,0.0,2.52,0.64,1.8
Yamagata,2020-04-20,1.2,0.0,2.37,0.5,1.61
Yamagata,2020-04-21,1.19,0.01,2.34,0.53,1.62
Yamanashi,2020-03-31,0.15,0.0,8.73,0.0,4.03
Yamanashi,2020-04-01,0.18,0.0,7.1000000000000005,0.0,3.2
Yamanashi,2020-04-02,0.2,0.0,6.15,0.03,2.79
Yamanashi,2020-04-03,0.21,0.0,5.54,0.02,2.5100000000000002
Yamanashi,2020-04-04,2.2800000000000002,0.0,5.76,0.63,3.4
Yamanashi,2020-04-05,1.93,0.0,5.0200000000000005,0.55,2.95
Yamanashi,2020-04-06,1.74,0.0,4.53,0.55,2.71
Yamanashi,2020-04-07,2.17,0.0,4.55,0.9,3.06
Yamanashi,2020-04-08,1.93,0.0,4.11,0.77,2.72
Yamanashi,2020-04-09,1.78,0.0,3.79,0.84,2.63
Yamanashi,2020-04-10,1.6600000000000001,0.01,3.5500000000000003,0.66,2.34
Yamanashi,2020-04-11,1.58,0.0,3.35,0.6,2.19
Yamanashi,2020-04-12,1.25,0.0,3.0100000000000002,0.38,1.81
Yamanashi,2020-04-13,1.23,0.0,2.93,0.3,1.7
Yamanashi,2020-04-14,1.21,0.0,2.87,0.4,1.76
Yamanashi,2020-04-15,1.19,0.0,2.8000000000000003,0.42,1.75
Yamanashi,2020-04-16,1.3900000000000001,0.0,2.9,0.55,1.92
Yamanashi,2020-04-17,1.36,0.0,2.81,0.52,1.85
Yamanashi,2020-04-19,1.1400000000000001,0.0,2.6,0.33,1.57
Yamanashi,2020-04-20,1.1300000000000001,0.0,2.56,0.34,1.56
Yamanashi,2020-04-21,0.93,0.0,2.4,0.15,1.29
